,0,game_time,weapon,lethal,non_lethal,gasmask,plate_count
0,1,0.3296358585357666,zero_weapon,none,none,0,0
1,2,1.362877607345581,zero_weapon,none,none,0,0
2,3,2.479498863220215,zero_weapon,none,none,0,0
3,4,3.498425245285034,zero_weapon,none,none,0,0
4,5,4.564281225204468,zero_weapon,none,none,0,0
5,6,5.58921217918396,zero_weapon,none,none,0,0
6,7,6.606135129928589,zero_weapon,none,none,0,0
7,8,7.62706184387207,zero_weapon,none,none,0,0
8,9,8.642984628677368,zero_weapon,none,none,0,0
9,10,9.658907175064087,zero_weapon,none,none,0,0
10,11,10.67282772064209,zero_weapon,none,none,0,0
11,12,11.684746265411377,zero_weapon,none,none,0,0
12,13,12.705672979354858,zero_weapon,none,none,0,0
13,14,13.726105690002441,zero_weapon,none,none,0,0
14,15,14.752037048339844,zero_weapon,none,none,0,0
15,16,15.779993534088135,zero_weapon,none,none,0,0
16,17,16.805925130844116,sa87,none,none,0,0
17,18,17.842285633087158,zero_weapon,none,none,0,0
18,19,18.86321258544922,zero_weapon,none,none,0,0
19,20,19.905158758163452,zero_weapon,none,none,0,0
20,21,20.936094522476196,zero_weapon,none,none,0,0
21,22,21.980042695999146,zero_weapon,none,none,0,0
22,23,23.006974935531616,ax50,none,none,0,0
23,24,24.032907009124756,zero_weapon,none,none,0,0
24,25,25.062841653823853,zero_weapon,none,none,0,0
25,26,26.080268621444702,zero_weapon,none,none,0,0
26,27,27.10275912284851,zero_weapon,none,none,0,0
27,28,28.128485202789307,zero_weapon,none,none,0,0
28,29,29.149412393569946,zero_weapon,none,none,0,0
29,30,30.18134903907776,zero_weapon,none,none,0,0
30,31,31.211284399032593,zero_weapon,none,none,0,0
31,32,32.24522304534912,m19,none,none,0,0
32,33,33.26614999771118,fiftygs,none,none,0,0
33,34,34.30008888244629,fiftygs,none,none,0,0
34,35,35.33803129196167,zero_weapon,none,none,0,0
35,36,36.37597417831421,zero_weapon,none,none,0,0
36,37,37.4029061794281,zero_weapon,none,none,0,0
37,38,38.4453763961792,zero_weapon,none,none,0,0
38,39,39.47330951690674,zero_weapon,none,none,0,0
39,40,40.5010507106781,zero_weapon,none,none,0,0
40,41,41.53337049484253,zero_weapon,none,none,0,0
41,42,42.574315786361694,zero_weapon,none,none,0,0
42,43,43.60425066947937,fiftygs,none,none,0,0
43,44,44.6461968421936,fiftygs,none,none,0,0
44,45,45.70415759086609,fiftygs,none,none,0,0
45,46,46.73109030723572,fiftygs,none,none,0,0
46,47,47.76503038406372,fiftygs,none,none,0,0
47,48,48.79616045951843,fiftygs,none,none,0,0
48,49,49.8209662437439,fiftygs,none,none,0,0
49,50,50.84589695930481,fiftygs,none,none,0,0
50,51,51.87282919883728,fiftygs,none,none,0,0
51,52,52.91153287887573,fiftygs,none,none,0,0
52,53,53.94050049781799,fiftygs,none,none,0,0
53,54,54.97944378852844,fiftygs,none,none,0,0
54,55,56.011380672454834,fiftygs,none,none,0,0
55,56,57.038313150405884,fiftygs,none,none,0,0
56,57,58.06124186515808,fiftygs,none,none,0,0
57,58,59.09117817878723,fiftygs,none,none,0,0
58,59,60.11310577392578,fiftygs,none,none,0,0
59,60,61.13303089141846,fal,none,none,0,0
60,61,62.15937542915344,fal,none,none,0,0
61,62,63.1783013343811,fal,none,none,0,0
62,63,64.21123886108398,fal,none,none,0,0
63,64,65.24255514144897,fal,none,none,0,0
64,65,66.27248978614807,fal,none,none,0,0
65,66,67.31643843650818,fal,thermite,none,0,2
66,67,68.35137724876404,fal,molotov,none,0,0
67,68,69.37330508232117,fal,molotov,none,0,1
68,69,70.40123867988586,fal,none,none,0,1
69,70,71.43317580223083,pkm,none,none,0,1
70,71,72.4621102809906,pkm,none,none,0,1
71,72,73.49304604530334,fal,none,none,0,0
72,73,74.5273506641388,mk9_bruen,molotov,none,0,0
73,74,75.56515264511108,mk9_bruen,molotov,none,0,0
74,75,76.59603953361511,mk9_bruen,molotov,none,0,0
75,76,77.61696696281433,mk9_bruen,molotov,none,0,4
76,77,78.64590120315552,mk9_bruen,molotov,none,0,1
77,78,79.6698305606842,mk9_bruen,molotov,none,0,1
78,79,80.71077704429626,mk9_bruen,molotov,none,0,1
79,80,81.74171233177185,mk9_bruen,molotov,none,0,1
80,81,82.75863480567932,mk9_bruen,molotov,none,0,1
81,82,83.78056311607361,mk9_bruen,molotov,none,0,1
82,83,84.80349135398865,mk9_bruen,molotov,stun,0,1
83,84,85.82545566558838,mk9_bruen,molotov,none,0,1
84,85,86.85438942909241,mk9_bruen,molotov,none,0,1
85,86,87.8913311958313,mk9_bruen,molotov,stun,0,1
86,87,88.91425943374634,mk9_bruen,molotov,none,0,1
87,88,90.02226567268372,mk9_bruen,molotov,none,0,1
88,89,91.04519438743591,mk9_bruen,molotov,none,0,1
89,90,92.07112622261047,mk9_bruen,molotov,none,0,1
90,91,93.09505581855774,mk9_bruen,molotov,none,0,1
91,92,94.12098741531372,mk9_bruen,molotov,none,0,1
92,93,95.1419141292572,ax50,molotov,none,0,1
93,94,96.16984796524048,zero_weapon,none,none,0,1
94,95,97.19227981567383,zero_weapon,none,stun,0,1
95,96,98.22476696968079,zero_weapon,none,none,0,1
96,97,99.24669528007507,zero_weapon,none,none,0,1
97,98,100.28964686393738,zero_weapon,none,none,0,1
98,99,101.3175916671753,zero_weapon,none,none,0,1
99,100,102.35953736305237,zero_weapon,none,none,0,1
100,101,103.39547801017761,zero_weapon,none,none,0,1
101,102,104.42841625213623,zero_weapon,none,none,0,1
102,103,105.45634913444519,zero_weapon,none,none,0,1
103,104,106.49629330635071,zero_weapon,none,none,0,1
104,105,107.53023219108582,zero_weapon,none,none,0,1
105,106,108.55516266822815,model_680,none,none,0,1
106,107,109.57809138298035,zero_weapon,none,none,0,1
107,108,110.62154221534729,zero_weapon,none,none,0,1
108,109,111.65348291397095,zero_weapon,none,none,0,1
109,110,112.67315411567688,zero_weapon,none,none,0,1
110,111,113.70509243011475,seventwentyfive,none,none,0,1
111,112,114.73402547836304,zero_weapon,none,none,0,1
112,113,115.76296019554138,zero_weapon,none,stun,0,1
113,114,116.82592487335205,zero_weapon,none,none,0,1
114,115,117.86086559295654,zero_weapon,none,none,0,1
115,116,118.9058141708374,zero_weapon,none,none,0,1
116,117,119.9547655582428,zero_weapon,none,none,0,1
117,118,120.97869610786438,zero_weapon,none,none,0,1
118,119,122.01263475418091,zero_weapon,none,none,0,1
119,120,123.04207301139832,zero_weapon,none,none,0,1
120,121,124.07801795005798,zero_weapon,none,none,0,1
121,122,125.11337113380432,zero_weapon,none,none,0,1
122,123,126.14630913734436,zero_weapon,none,none,0,1
123,124,127.1742422580719,zero_weapon,none,none,0,1
124,125,128.2051784992218,zero_weapon,none,none,0,1
125,126,129.23110961914062,zero_weapon,none,none,0,1
126,127,130.2580428123474,zero_weapon,none,none,0,1
127,128,131.29798698425293,zero_weapon,none,none,0,1
128,129,132.32792234420776,zero_weapon,none,heartbeat,0,1
129,130,133.3588583469391,zero_weapon,none,heartbeat,0,1
130,131,134.38529706001282,zero_weapon,none,none,0,1
131,132,135.42524456977844,zero_weapon,none,none,0,1
132,133,136.44917345046997,zero_weapon,none,none,0,1
133,134,137.47310328483582,zero_weapon,none,none,0,1
134,135,138.5151720046997,zero_weapon,none,none,0,1
135,136,139.53910207748413,zero_weapon,none,none,0,1
136,137,140.57504177093506,zero_weapon,none,none,0,1
137,138,141.6099817752838,zero_weapon,none,none,0,1
138,139,142.65192770957947,zero_weapon,none,none,0,1
139,140,143.68386507034302,zero_weapon,none,none,0,1
140,141,144.72380876541138,zero_weapon,none,none,0,1
141,142,145.75474524497986,ax50,molotov,none,0,1
142,143,146.78318238258362,mk9_bruen,molotov,none,0,1
143,144,147.80811381340027,mk9_bruen,molotov,none,0,1
144,145,148.84205293655396,mk9_bruen,molotov,none,0,1
145,146,149.8700795173645,zero_weapon,none,none,0,0
146,147,150.89301085472107,zero_weapon,none,none,0,0
147,148,151.92795085906982,mk9_bruen,molotov,none,0,1
148,149,152.95788598060608,mk9_bruen,molotov,none,0,1
149,150,153.99082350730896,mk9_bruen,molotov,none,0,1
150,151,155.01875686645508,mk9_bruen,molotov,none,0,1
151,152,156.04068517684937,mk9_bruen,molotov,none,0,1
152,153,157.0686182975769,mk9_bruen,molotov,none,0,1
153,154,158.09655117988586,mk9_bruen,molotov,none,0,1
154,155,159.12499022483826,mk9_bruen,molotov,none,0,1
155,156,160.14954137802124,mk9_bruen,molotov,stun,0,1
156,157,161.17947602272034,mk9_bruen,molotov,none,0,1
157,158,162.2084105014801,mk9_bruen,molotov,none,0,1
158,159,163.23133969306946,x16,molotov,none,0,1
159,160,164.25827193260193,mk9_bruen,molotov,none,0,1
160,161,165.28820729255676,mk9_bruen,molotov,none,0,1
161,162,166.31213688850403,mk9_bruen,molotov,none,0,1
162,163,167.3370668888092,mk9_bruen,molotov,none,0,1
163,164,168.36550378799438,mk9_bruen,molotov,none,0,1
164,165,169.39243626594543,mk9_bruen,molotov,none,0,1
165,166,170.4193413257599,sa87,molotov,none,0,1
166,167,171.44927597045898,mk9_bruen,molotov,none,0,1
167,168,172.47933387756348,mk9_bruen,molotov,none,0,1
168,169,173.50826835632324,mk9_bruen,molotov,none,0,1
169,170,174.5331995487213,pkm,molotov,none,0,1
170,171,175.56213355064392,sa87,molotov,none,0,1
171,172,176.6801483631134,zero_weapon,none,none,0,0
172,173,177.70307731628418,zero_weapon,none,none,0,0
173,174,178.73601627349854,zero_weapon,none,none,0,0
174,175,179.76194715499878,zero_weapon,none,none,0,0
175,176,180.7818729877472,zero_weapon,none,none,0,0
176,177,181.8093090057373,zero_weapon,none,none,0,0
177,178,182.8343620300293,zero_weapon,none,none,0,0
178,179,183.85929250717163,zero_weapon,none,none,0,0
179,180,184.88007235527039,sa87,molotov,none,0,6
180,181,185.9140112400055,sa87,molotov,gas,0,6
181,182,186.9449474811554,mk9_bruen,molotov,none,0,6
182,183,187.98389053344727,mk9_bruen,molotov,none,0,6
183,184,189.0138258934021,mk9_bruen,molotov,none,0,6
184,185,190.04075837135315,mk9_bruen,molotov,none,0,6
185,186,191.06568908691406,pkm,molotov,none,0,6
186,187,192.09562373161316,mk9_bruen,molotov,none,0,6
187,188,193.12355756759644,mk9_bruen,molotov,none,0,6
188,189,194.15299797058105,mk9_bruen,molotov,none,0,6
189,190,195.18357062339783,mk9_bruen,molotov,none,0,6
190,191,196.2135670185089,mk9_bruen,molotov,none,0,6
191,192,197.24363255500793,mk9_bruen,molotov,none,0,6
192,193,198.27456951141357,mk9_bruen,molotov,none,0,6
193,194,199.30450439453125,mk9_bruen,molotov,none,0,6
194,195,200.34344744682312,mk9_bruen,molotov,none,0,6
195,196,201.370379447937,mk9_bruen,molotov,none,0,6
196,197,202.39831280708313,sa87,molotov,none,0,6
197,198,203.4267508983612,mk9_bruen,molotov,none,0,6
198,199,204.4541893005371,mk9_bruen,molotov,none,0,6
199,200,205.48345351219177,mk9_bruen,thermite,none,0,6
200,201,206.51038551330566,uzi,molotov,none,0,6
201,202,207.5443251132965,sa87,molotov,none,0,6
202,203,208.57000398635864,mk9_bruen,molotov,none,0,6
203,204,209.6019413471222,mk9_bruen,molotov,none,0,6
204,205,210.62587094306946,uzi,molotov,none,0,6
205,206,211.66281270980835,mk9_bruen,molotov,none,0,6
206,207,212.68774318695068,mk9_bruen,molotov,none,0,6
207,208,213.7096710205078,mk9_bruen,molotov,none,0,6
208,209,214.73610615730286,ebr14,molotov,none,0,6
209,210,215.76303839683533,uzi,molotov,none,0,7
210,211,216.79047989845276,sa87,molotov,none,0,7
211,212,217.82034587860107,mk9_bruen,molotov,none,0,7
212,213,218.84250926971436,mk9_bruen,molotov,none,0,7
213,214,219.87172985076904,zero_weapon,none,none,0,1
214,215,220.89766097068787,zero_weapon,none,none,0,7
215,216,221.92359232902527,nineteen11,none,heartbeat,0,7
216,217,222.96053433418274,zero_weapon,none,none,0,7
217,218,223.9854645729065,zero_weapon,none,none,0,7
218,219,225.02340698242188,zero_weapon,none,none,0,7
219,220,226.05734586715698,zero_weapon,none,none,0,7
220,221,227.09428787231445,zero_weapon,none,none,0,7
221,222,228.1299250125885,zero_weapon,none,none,0,7
222,223,229.15832710266113,zero_weapon,none,none,0,7
223,224,230.1912648677826,zero_weapon,none,none,0,7
224,225,231.22127556800842,zero_weapon,none,none,0,7
225,226,232.29224824905396,zero_weapon,none,none,0,7
226,227,233.3271882534027,zero_weapon,none,none,0,7
227,228,234.35211825370789,zero_weapon,none,none,0,7
228,229,235.38005232810974,zero_weapon,none,gas,0,7
229,230,236.41299057006836,uzi,molotov,stun,0,7
230,231,237.44392585754395,mk9_bruen,molotov,none,0,7
231,232,238.47386145591736,mk9_bruen,molotov,none,0,7
232,233,239.50130081176758,mk9_bruen,molotov,none,0,7
233,234,240.5260181427002,mk9_bruen,molotov,none,0,7
234,235,241.54694533348083,mk9_bruen,molotov,none,0,7
235,236,242.57587957382202,mk9_bruen,molotov,none,0,7
236,237,243.6048138141632,mk9_bruen,molotov,none,0,7
237,238,244.63975381851196,mk9_bruen,molotov,none,0,7
238,239,245.6616814136505,zero_weapon,none,none,0,7
239,240,246.69461917877197,zero_weapon,none,none,0,7
240,241,247.7205514907837,zero_weapon,none,none,0,7
241,242,248.74448084831238,mk9_bruen,molotov,none,0,7
242,243,249.76841068267822,mk9_bruen,molotov,none,0,7
243,244,250.7983455657959,mk9_bruen,molotov,none,0,7
244,245,251.83528852462769,mk9_bruen,molotov,flash,0,7
245,246,252.86059141159058,mk9_bruen,molotov,none,0,7
246,247,253.88952565193176,mk9_bruen,molotov,none,0,7
247,248,254.9184296131134,zero_weapon,none,none,0,7
248,249,255.94279766082764,zero_weapon,none,none,0,7
249,250,256.96973037719727,mk9_bruen,molotov,none,0,7
250,251,258.00166749954224,mk9_bruen,molotov,stun,0,7
251,252,259.0316023826599,mk9_bruen,molotov,none,0,7
252,253,260.06053733825684,zero_weapon,none,none,0,7
253,254,261.0924744606018,fr_556,none,stun,0,7
254,255,262.1113986968994,ram7,none,none,0,7
255,256,263.22641134262085,zero_weapon,none,stun,0,7
256,257,264.2468409538269,zero_weapon,none,none,0,7
257,258,265.2688946723938,zero_weapon,none,none,0,7
258,259,266.2928252220154,zero_weapon,none,none,0,7
259,260,267.31669878959656,zero_weapon,none,none,0,7
260,261,268.34263014793396,zero_weapon,none,none,0,7
261,262,269.37256503105164,zero_weapon,none,none,0,7
262,263,270.3974959850311,zero_weapon,none,none,0,7
263,264,271.4214253425598,zero_weapon,none,none,0,7
264,265,272.4453556537628,zero_weapon,none,none,0,7
265,266,273.4752907752991,zero_weapon,none,none,0,7
266,267,274.50722765922546,zero_weapon,none,none,0,7
267,268,275.5351610183716,mk9_bruen,semtex,none,0,7
268,269,276.5666003227234,mk9_bruen,molotov,none,0,7
269,270,277.59766840934753,mk9_bruen,molotov,none,0,7
270,271,278.6286051273346,mk9_bruen,molotov,none,0,7
271,272,279.65638065338135,mk9_bruen,molotov,stun,0,7
272,273,280.6803102493286,mk9_bruen,molotov,none,0,7
273,274,281.70724296569824,mk9_bruen,molotov,none,0,7
274,275,282.7371778488159,mk9_bruen,molotov,none,0,7
275,276,283.75810527801514,mk9_bruen,molotov,none,0,7
276,277,284.7850375175476,mk9_bruen,molotov,none,0,7
277,278,285.80996799468994,mk9_bruen,molotov,none,0,7
278,279,286.83590054512024,mk9_bruen,molotov,none,0,7
279,280,287.86583495140076,mk9_bruen,molotov,none,0,7
280,281,288.8936469554901,mk9_bruen,molotov,none,0,7
281,282,289.92411041259766,mk9_bruen,molotov,none,0,7
282,283,290.958048582077,mk9_bruen,molotov,none,0,7
283,284,291.98432326316833,mk9_bruen,none,stun,0,7
284,285,293.01225686073303,pkm,none,none,0,7
285,286,294.0361862182617,pkm,none,none,0,7
286,287,295.0691251754761,pkm,none,none,0,6
287,288,296.1010618209839,pkm,none,none,0,5
288,289,297.12499141693115,mk9_bruen,thermite,none,0,5
289,290,298.1579294204712,mk9_bruen,molotov,none,0,5
290,291,299.18386054039,mk9_bruen,molotov,none,0,5
291,292,300.20739674568176,mk9_bruen,molotov,none,0,5
292,293,301.23032546043396,mk9_bruen,molotov,none,0,5
293,294,302.2522530555725,mk9_bruen,molotov,none,0,5
294,295,303.29121351242065,mk9_bruen,molotov,gas,0,5
295,296,304.3151435852051,mk9_bruen,molotov,none,0,5
296,297,305.340074300766,mk9_bruen,molotov,none,0,5
297,298,306.366005897522,mk9_bruen,molotov,none,0,5
298,299,307.3979425430298,mk9_bruen,molotov,none,0,5
299,300,308.4308805465698,mk9_bruen,molotov,none,0,3
300,301,309.45981454849243,mk9_bruen,molotov,none,0,3
301,302,310.49275279045105,mk9_bruen,molotov,none,0,3
302,303,311.5196852684021,mk9_bruen,molotov,none,0,3
303,304,312.54577684402466,mk9_bruen,molotov,none,0,2
304,305,313.5747101306915,mk9_bruen,molotov,none,0,3
305,306,314.6006417274475,ax50,molotov,none,0,2
306,307,315.62757420539856,mk9_bruen,molotov,none,0,2
307,308,316.6655168533325,mk9_bruen,molotov,none,0,3
308,309,317.6954519748688,mk9_bruen,molotov,none,0,3
309,310,318.7213833332062,mk9_bruen,molotov,none,0,2
310,311,319.74931740760803,mk9_bruen,molotov,none,0,2
311,312,320.7792522907257,mk9_bruen,molotov,none,0,3
312,313,321.8031814098358,mk9_bruen,molotov,none,0,2
313,314,322.8361191749573,mk9_bruen,molotov,none,0,3
314,315,323.85955262184143,mk9_bruen,molotov,none,0,3
315,316,324.8914897441864,mk9_bruen,molotov,none,0,3
316,317,325.9224257469177,mk9_bruen,molotov,none,0,3
317,318,326.9575924873352,mk9_bruen,molotov,none,0,3
318,319,327.9835238456726,mk9_bruen,molotov,none,0,3
319,320,329.01045656204224,zero_weapon,none,none,0,0
320,321,330.0253779888153,zero_weapon,none,none,0,0
321,322,331.04430294036865,zero_weapon,none,none,0,0
322,323,332.0602250099182,mk9_bruen,molotov,none,0,3
323,324,333.0821533203125,mk9_bruen,molotov,none,0,2
324,325,334.10308027267456,mk9_bruen,molotov,none,0,3
325,326,335.1240072250366,mk9_bruen,molotov,none,0,2
326,327,336.158344745636,mk9_bruen,molotov,none,0,3
327,328,337.1884694099426,ax50,molotov,none,0,3
328,329,338.21463918685913,mk9_bruen,molotov,none,0,2
329,330,339.2445740699768,mk9_bruen,molotov,none,0,3
330,331,340.2755103111267,mk9_bruen,molotov,none,0,3
331,332,341.3104500770569,mk9_bruen,molotov,none,0,2
332,333,342.33638286590576,mk9_bruen,molotov,none,0,3
333,334,343.3613123893738,mk9_bruen,molotov,none,0,3
334,335,344.38924527168274,mk9_bruen,molotov,none,0,3
335,336,345.42518615722656,mk9_bruen,molotov,snapshot,0,3
336,337,346.4676432609558,mk9_bruen,molotov,none,0,3
337,338,347.49201798439026,mk9_bruen,molotov,none,0,2
338,339,348.513135433197,zero_weapon,none,none,0,0
339,340,349.63225626945496,zero_weapon,none,none,0,0
340,341,350.663192987442,zero_weapon,none,none,0,0
341,342,351.6801161766052,zero_weapon,none,none,0,0
342,343,352.71005058288574,ax50,molotov,none,0,3
343,344,353.72797560691833,mk9_bruen,molotov,none,0,3
344,345,354.7599124908447,mk9_bruen,molotov,none,0,3
345,346,355.7814884185791,mk9_bruen,molotov,none,0,3
346,347,356.8079261779785,mk9_bruen,molotov,none,0,3
347,348,357.83886194229126,mk9_bruen,molotov,none,0,3
348,349,358.8577868938446,mk9_bruen,molotov,none,0,3
349,350,359.88672137260437,mk9_bruen,molotov,none,0,3
350,351,360.91065096855164,mk9_bruen,molotov,none,0,3
351,352,361.92857480049133,mk9_bruen,molotov,none,0,3
352,353,362.9565079212189,mk9_bruen,molotov,none,0,3
353,354,363.9864435195923,mk9_bruen,molotov,none,0,3
354,355,365.006370306015,mk9_bruen,molotov,none,0,3
355,356,366.0252945423126,pkm,none,none,0,3
356,357,367.0482232570648,pkm,none,none,0,3
357,358,368.06714820861816,pkm,none,none,0,7
358,359,369.0895800590515,mk9_bruen,thermite,none,0,7
359,360,370.11154079437256,mk9_bruen,molotov,none,0,7
360,361,371.1424765586853,mk9_bruen,molotov,none,0,7
361,362,372.17188262939453,mk9_bruen,molotov,none,0,7
362,363,373.1878046989441,mk9_bruen,molotov,none,0,7
363,364,374.2087323665619,mk9_bruen,molotov,none,0,7
364,365,375.2316608428955,mk9_bruen,molotov,none,0,7
365,366,376.252587556839,mk9_bruen,molotov,none,0,7
366,367,377.2755162715912,mk9_bruen,molotov,none,0,7
367,368,378.29594707489014,mk9_bruen,molotov,none,0,7
368,369,379.3208773136139,mk9_bruen,molotov,none,0,7
369,370,380.3433086872101,mk9_bruen,molotov,none,0,7
370,371,381.3674325942993,mk9_bruen,molotov,none,0,7
371,372,382.38735938072205,mk9_bruen,molotov,none,0,7
372,373,383.41042137145996,mk9_bruen,molotov,none,0,7
373,374,384.44235825538635,mk9_bruen,molotov,none,0,7
374,375,385.48130226135254,mk9_bruen,molotov,none,0,7
375,376,386.50523138046265,mk9_bruen,molotov,none,0,1
376,377,387.5301625728607,mk9_bruen,molotov,none,0,7
377,378,388.5550923347473,mk9_bruen,molotov,none,0,7
378,379,389.58002400398254,mk9_bruen,molotov,none,0,7
379,380,390.6059546470642,mk9_bruen,molotov,none,0,7
380,381,391.62688159942627,mk9_bruen,none,none,0,7
381,382,392.6446096897125,mk9_bruen,molotov,none,0,7
382,383,393.6685400009155,mk9_bruen,molotov,none,0,7
383,384,394.6864638328552,mk9_bruen,molotov,stun,0,7
384,385,395.7103934288025,mk9_bruen,prox_mine,none,0,7
385,386,396.7263159751892,mk9_bruen,molotov,none,0,7
386,387,397.7482440471649,mk9_bruen,molotov,none,0,7
387,388,398.76917123794556,mk9_bruen,molotov,none,0,7
388,389,399.7910988330841,mk9_bruen,molotov,none,0,7
389,390,400.8200328350067,mk9_bruen,molotov,none,0,7
390,391,401.83795714378357,mk9_bruen,molotov,none,0,7
391,392,402.859885931015,mk9_bruen,molotov,none,0,7
392,393,403.8818128108978,mk9_bruen,molotov,none,0,7
393,394,404.90132308006287,mk9_bruen,molotov,none,0,7
394,395,405.92719054222107,mk9_bruen,molotov,none,0,7
395,396,406.94954085350037,mk9_bruen,molotov,snapshot,0,7
396,397,407.97246980667114,mk9_bruen,molotov,none,0,7
397,398,408.99840116500854,mk9_bruen,molotov,none,0,7
398,399,410.0243320465088,mk9_bruen,molotov,none,0,7
399,400,411.04325795173645,mk9_bruen,molotov,none,0,7
400,401,412.0781970024109,mk9_bruen,molotov,none,0,7
401,402,413.10212755203247,mk9_bruen,molotov,none,0,7
402,403,414.12605714797974,mk9_bruen,molotov,none,0,7
403,404,415.14848804473877,mk9_bruen,molotov,decoy,0,7
404,405,416.169016122818,mk9_bruen,molotov,none,0,7
405,406,417.19233679771423,mk9_bruen,molotov,none,0,7
406,407,418.2192692756653,mk9_bruen,molotov,none,0,7
407,408,419.2542088031769,mk9_bruen,molotov,none,0,7
408,409,420.28114128112793,mk9_bruen,molotov,none,0,7
409,410,421.3240885734558,mk9_bruen,molotov,none,0,7
410,411,422.347017288208,mk9_bruen,none,none,0,7
411,412,423.3679440021515,mk9_bruen,molotov,none,0,7
412,413,424.40088152885437,mk9_bruen,molotov,none,0,7
413,414,425.42581272125244,ax50,molotov,none,0,7
414,415,426.451153755188,mk9_bruen,molotov,none,0,7
415,416,427.4789867401123,ax50,molotov,none,0,7
416,417,428.5089228153229,mk9_bruen,molotov,none,0,7
417,418,429.53185081481934,mk9_bruen,molotov,none,0,7
418,419,430.555780172348,mk9_bruen,molotov,flash,0,7
419,420,431.5947234630585,mk9_bruen,molotov,none,0,7
420,421,432.69171953201294,mk9_bruen,molotov,none,0,7
421,422,433.74767875671387,mk9_bruen,molotov,gas,0,7
422,423,434.7726092338562,mk9_bruen,molotov,flash,0,7
423,424,436.0167384147644,mk9_bruen,molotov,none,0,7
424,425,437.04367113113403,mk9_bruen,molotov,none,0,7
425,426,438.10063099861145,mk9_bruen,prox_mine,none,0,7
426,427,439.12907314300537,mk9_bruen,molotov,none,0,7
427,428,440.1479980945587,mk9_bruen,molotov,none,0,7
428,429,441.19995379447937,mk9_bruen,molotov,none,0,7
429,430,442.23397874832153,zero_weapon,molotov,none,0,7
430,431,443.2709209918976,zero_weapon,molotov,none,0,7
431,432,444.30385851860046,zero_weapon,molotov,none,0,7
432,433,445.3337936401367,zero_weapon,molotov,none,0,7
433,434,446.37273693084717,zero_weapon,molotov,none,0,7
434,435,447.4076771736145,zero_weapon,molotov,none,0,7
435,436,448.43511390686035,mk9_bruen,molotov,none,0,7
436,437,449.4620463848114,zero_weapon,none,none,0,0
437,438,450.49048614501953,zero_weapon,frag,gas,0,0
438,439,451.52002930641174,r90_shotgun,none,none,0,0
439,440,452.5569715499878,r90_shotgun,none,none,0,0
440,441,453.5967335700989,zero_weapon,none,none,0,0
441,442,454.6246678829193,ax50,rock,none,0,0
442,443,455.65260076522827,ax50,rock,none,0,0
443,444,456.6745283603668,ax50,rock,none,0,0
444,445,457.7064654827118,ax50,rock,none,0,0
445,446,458.73439860343933,ax50,rock,none,0,0
446,447,459.7563269138336,ax50,rock,none,0,0
447,448,460.78125739097595,zero_weapon,none,none,0,0
448,449,461.80569338798523,kar98k,none,none,0,0
449,450,462.8262941837311,kar98k,none,none,0,4
450,451,463.85022354125977,kar98k,none,none,0,4
451,452,464.86514496803284,kar98k,none,none,0,0
452,453,465.88717555999756,kar98k,none,none,0,0
453,454,466.9071021080017,kar98k,none,none,0,0
454,455,467.92702770233154,kar98k,none,none,0,0
455,456,468.94995641708374,kar98k,thermite,snapshot,0,0
456,457,469.9678807258606,kar98k,throwing_knife,snapshot,0,0
457,458,470.99281191825867,kar98k,throwing_knife,snapshot,0,0
458,459,472.0157403945923,kar98k,throwing_knife,snapshot,0,0
459,460,473.03366470336914,kar98k,throwing_knife,snapshot,0,0
460,461,474.0696051120758,kar98k,throwing_knife,snapshot,0,0
461,462,475.10305094718933,kar98k,throwing_knife,snapshot,0,0
462,463,476.1557161808014,kar98k,thermite,snapshot,0,0
463,464,477.1886568069458,zero_weapon,none,none,0,0
464,465,478.2175908088684,zero_weapon,none,none,0,0
465,466,479.2415204048157,zero_weapon,none,none,0,0
466,467,480.2744584083557,zero_weapon,none,none,0,0
467,468,481.30039072036743,zero_weapon,none,none,0,0
468,469,482.32932472229004,zero_weapon,none,flash,0,0
469,470,483.3612611293793,zero_weapon,none,none,0,0
470,471,484.38419008255005,knife,none,none,0,0
471,472,485.41512632369995,zero_weapon,none,none,0,0
472,473,486.45545768737793,fiftygs,none,none,0,0
473,474,487.4927649497986,fiftygs,none,none,0,0
474,475,488.51869678497314,fiftygs,none,none,0,0
475,476,489.5400674343109,zero_weapon,none,none,0,0
476,477,490.56699991226196,zero_weapon,none,none,0,0
477,478,491.5929322242737,zero_weapon,none,none,0,0
478,479,492.61886286735535,zero_weapon,none,none,0,0
479,480,493.643794298172,zero_weapon,none,none,0,0
480,481,494.6687242984772,zero_weapon,none,none,0,0
481,482,495.6996600627899,zero_weapon,none,none,0,0
482,483,496.74460887908936,zero_weapon,none,none,0,0
483,484,497.7693772315979,zero_weapon,none,none,0,0
484,485,498.80031275749207,zero_weapon,none,none,0,0
485,486,499.8326117992401,fiftygs,none,none,0,0
486,487,500.86354804039,fiftygs,none,none,0,0
487,488,501.89548444747925,fiftygs,none,none,0,0
488,489,502.9214162826538,fiftygs,none,none,0,0
489,490,503.9523525238037,fiftygs,none,none,0,0
490,491,504.9882929325104,fiftygs,none,none,0,0
491,492,506.02523469924927,fiftygs,none,none,0,0
492,493,507.0591735839844,m19,none,none,0,0
493,494,508.0841040611267,fiftygs,none,none,0,0
494,495,509.1105411052704,r90_shotgun,none,none,0,0
495,496,510.14329624176025,r90_shotgun,none,none,0,0
496,497,511.19525146484375,fiftygs,none,none,0,0
497,498,512.2331449985504,fiftygs,none,none,0,0
498,499,513.2610785961151,fiftygs,none,none,0,0
499,500,514.2890117168427,r90_shotgun,none,none,0,0
500,501,515.324952840805,r90_shotgun,none,none,0,0
501,502,516.3518853187561,r90_shotgun,none,none,0,0
502,503,517.3788177967072,r90_shotgun,none,none,0,0
503,504,518.4077520370483,r90_shotgun,none,none,0,0
504,505,519.4356851577759,r90_shotgun,none,none,0,0
505,506,520.4788773059845,r90_shotgun,none,none,0,0
506,507,521.5098140239716,r90_shotgun,none,none,0,0
507,508,522.6304347515106,r90_shotgun,none,none,0,0
508,509,523.6763844490051,r90_shotgun,none,none,0,0
509,510,524.7033171653748,r90_shotgun,none,none,0,0
510,511,525.785299539566,r90_shotgun,none,none,0,0
511,512,526.8202388286591,r90_shotgun,none,snapshot,0,0
512,513,527.872193813324,r90_shotgun,none,none,0,0
513,514,528.9151411056519,r90_shotgun,none,none,0,0
514,515,529.9430742263794,r90_shotgun,none,none,0,0
515,516,530.9750108718872,r90_shotgun,none,none,0,0
516,517,532.0039458274841,r90_shotgun,none,none,0,0
517,518,533.0310924053192,r90_shotgun,none,none,0,0
518,519,534.0663776397705,ax50,none,none,0,0
519,520,535.0935761928558,r90_shotgun,none,none,0,0
520,521,536.1205093860626,r90_shotgun,none,none,0,0
521,522,537.1494431495667,fiftygs,none,none,0,0
522,523,538.175374507904,fiftygs,none,none,0,0
523,524,539.2023077011108,fiftygs,none,none,0,0
524,525,540.2342438697815,fiftygs,none,none,0,4
525,526,541.2721862792969,r90_shotgun,none,none,0,0
526,527,542.3131318092346,r90_shotgun,none,none,0,0
527,528,543.3445723056793,r90_shotgun,none,none,0,5
528,529,544.3635685443878,r90_shotgun,none,none,0,5
529,530,545.3895001411438,r90_shotgun,none,none,0,0
530,531,546.4133629798889,r90_shotgun,none,none,0,0
531,532,547.4382929801941,r90_shotgun,none,none,0,0
532,533,548.4692289829254,r90_shotgun,none,none,0,0
533,534,549.5041689872742,sa87,none,none,0,0
534,535,550.5321016311646,r90_shotgun,none,none,0,0
535,536,551.5670418739319,r90_shotgun,none,none,0,0
536,537,552.5969779491425,m19,none,none,0,0
537,538,553.6328105926514,r90_shotgun,none,none,0,0
538,539,554.6637461185455,r90_shotgun,none,none,0,0
539,540,555.6948707103729,r90_shotgun,none,none,0,0
540,541,556.7218029499054,r90_shotgun,none,none,0,0
541,542,557.76975440979,r90_shotgun,none,none,0,0
542,543,558.7866775989532,r90_shotgun,none,none,0,4
543,544,559.8136103153229,r90_shotgun,none,none,0,0
544,545,560.8325350284576,holger26,none,none,0,0
545,546,561.8594682216644,r90_shotgun,none,none,0,0
546,547,562.8803946971893,m13,none,none,0,0
547,548,563.9123313426971,m13,none,none,0,0
548,549,564.9442687034607,r90_shotgun,none,none,0,0
549,550,565.9681980609894,m13,none,none,0,0
550,551,567.0136504173279,r90_shotgun,none,none,0,0
551,552,568.0397114753723,sa87,none,none,0,0
552,553,569.06964635849,r90_shotgun,none,none,0,0
553,554,570.0948524475098,r90_shotgun,none,none,0,0
554,555,571.1227858066559,r90_shotgun,none,none,0,0
555,556,572.1497187614441,r90_shotgun,none,none,0,0
556,557,573.1796536445618,r90_shotgun,none,none,0,0
557,558,574.2165949344635,r90_shotgun,none,none,0,0
558,559,575.2455291748047,r90_shotgun,none,none,0,0
559,560,576.2664561271667,r90_shotgun,none,none,0,0
560,561,577.2953906059265,r90_shotgun,none,none,0,0
561,562,578.3443427085876,r90_shotgun,none,none,0,0
562,563,579.3949754238129,r90_shotgun,none,none,0,0
563,564,580.4219076633453,r90_shotgun,none,none,0,0
564,565,581.4421381950378,r90_shotgun,none,none,0,0
565,566,582.4782977104187,r90_shotgun,none,none,0,0
566,567,583.51824259758,r90_shotgun,none,none,0,0
567,568,584.5441741943359,r90_shotgun,none,none,0,0
568,569,585.5661010742188,knife,none,none,0,0
569,570,586.5980389118195,r90_shotgun,none,none,0,0
570,571,587.622968673706,r90_shotgun,none,none,0,4
571,572,588.6479001045227,r90_shotgun,none,none,0,2
572,573,589.6698274612427,r90_shotgun,none,none,0,4
573,574,590.6966061592102,r90_shotgun,none,none,0,0
574,575,591.7245392799377,r90_shotgun,none,none,0,0
575,576,592.7524724006653,r90_shotgun,none,none,0,0
576,577,593.7824077606201,r90_shotgun,none,none,0,0
577,578,594.8103411197662,r90_shotgun,none,none,0,0
578,579,595.8472819328308,sa87,none,none,0,0
579,580,596.8772172927856,r90_shotgun,none,none,0,0
580,581,597.8991451263428,r90_shotgun,none,none,0,0
581,582,598.9250764846802,zero_weapon,none,none,0,0
582,583,599.9540114402771,zero_weapon,none,none,0,0
583,584,600.9759395122528,ax50,c4,heartbeat,0,0
584,585,602.0058739185333,ax50,c4,heartbeat,0,0
585,586,603.0306811332703,sa87,c4,heartbeat,0,4
586,587,604.0486061573029,r90_shotgun,c4,heartbeat,0,0
587,588,605.0925533771515,r90_shotgun,c4,heartbeat,0,0
588,589,606.1134803295135,r90_shotgun,c4,heartbeat,0,2
589,590,607.1394114494324,r90_shotgun,c4,heartbeat,0,0
590,591,608.2694375514984,r90_shotgun,c4,heartbeat,0,4
591,592,609.3033769130707,r90_shotgun,c4,heartbeat,0,2
592,593,610.3303089141846,r90_shotgun,c4,heartbeat,0,0
593,594,611.3562405109406,r90_shotgun,c4,heartbeat,0,0
594,595,612.3841743469238,r90_shotgun,c4,heartbeat,0,2
595,596,613.4221165180206,r90_shotgun,c4,heartbeat,0,4
596,597,614.4465525150299,r90_shotgun,c4,heartbeat,0,0
597,598,615.4776818752289,r90_shotgun,c4,heartbeat,0,0
598,599,616.501610994339,r90_shotgun,c4,heartbeat,0,0
599,600,617.5295445919037,r90_shotgun,c4,heartbeat,0,0
600,601,618.5574779510498,r90_shotgun,c4,heartbeat,0,0
601,602,619.5774040222168,r90_shotgun,c4,heartbeat,0,0
602,603,620.6113431453705,r90_shotgun,c4,heartbeat,0,0
603,604,621.6612968444824,r90_shotgun,c4,heartbeat,0,0
604,605,622.6812222003937,r90_shotgun,c4,heartbeat,0,0
605,606,623.730678319931,r90_shotgun,c4,heartbeat,0,4
606,607,624.7516052722931,r90_shotgun,c4,heartbeat,0,0
607,608,625.769318819046,r90_shotgun,c4,heartbeat,0,0
608,609,626.7942490577698,r90_shotgun,c4,heartbeat,0,0
609,610,627.8151757717133,zero_weapon,none,none,0,0
610,611,628.834899187088,zero_weapon,none,none,0,0
611,612,629.8842768669128,r90_shotgun,c4,heartbeat,0,0
612,613,630.900199174881,r90_shotgun,c4,heartbeat,0,0
613,614,631.9261305332184,r90_shotgun,c4,heartbeat,0,0
614,615,632.951061964035,r90_shotgun,c4,heartbeat,0,0
615,616,633.988002538681,r90_shotgun,c4,heartbeat,0,0
616,617,635.016937494278,r90_shotgun,c4,heartbeat,0,0
617,618,636.0478732585907,r90_shotgun,c4,heartbeat,0,0
618,619,637.077808380127,r90_shotgun,c4,heartbeat,0,0
619,620,638.1097886562347,r90_shotgun,c4,heartbeat,0,0
620,621,639.1307148933411,r90_shotgun,c4,heartbeat,0,0
621,622,640.1626570224762,r90_shotgun,c4,heartbeat,0,0
622,623,641.1835832595825,r90_shotgun,c4,heartbeat,0,0
623,624,642.2155206203461,r90_shotgun,c4,heartbeat,0,0
624,625,643.2464566230774,r90_shotgun,c4,heartbeat,0,0
625,626,644.2763919830322,r90_shotgun,c4,heartbeat,0,0
626,627,645.3083288669586,r90_shotgun,c4,heartbeat,0,0
627,628,646.3833048343658,r90_shotgun,c4,heartbeat,0,0
628,629,647.4162425994873,r90_shotgun,c4,heartbeat,0,0
629,630,648.4401724338531,r90_shotgun,c4,heartbeat,0,0
630,631,649.4595980644226,r90_shotgun,c4,heartbeat,0,0
631,632,650.4865300655365,r90_shotgun,c4,heartbeat,0,0
632,633,651.50745677948,r90_shotgun,c4,heartbeat,0,0
633,634,652.5276355743408,r90_shotgun,c4,heartbeat,0,0
634,635,653.5525658130646,r90_shotgun,c4,heartbeat,0,0
635,636,654.5845031738281,r90_shotgun,c4,heartbeat,0,0
636,637,655.610434293747,r90_shotgun,c4,heartbeat,0,0
637,638,656.6453742980957,r90_shotgun,c4,heartbeat,0,0
638,639,657.6763105392456,r90_shotgun,c4,heartbeat,0,0
639,640,658.7082471847534,r90_shotgun,c4,heartbeat,0,0
640,641,659.7291746139526,r90_shotgun,c4,heartbeat,0,0
641,642,660.7491006851196,r90_shotgun,c4,heartbeat,0,0
642,643,661.77827501297,r90_shotgun,c4,heartbeat,0,0
643,644,662.8323795795441,r90_shotgun,c4,heartbeat,0,0
644,645,663.9292340278625,r90_shotgun,c4,heartbeat,0,0
645,646,664.9564437866211,r90_shotgun,c4,heartbeat,0,0
646,647,665.9743683338165,r90_shotgun,c4,heartbeat,0,0
647,648,667.0013003349304,r90_shotgun,c4,heartbeat,0,4
648,649,668.0502526760101,r90_shotgun,c4,heartbeat,0,4
649,650,669.0741827487946,r90_shotgun,c4,heartbeat,0,4
650,651,670.1291403770447,r90_shotgun,c4,heartbeat,0,4
651,652,671.1510682106018,r90_shotgun,c4,heartbeat,0,0
652,653,672.2060258388519,r90_shotgun,c4,heartbeat,0,0
653,654,673.2369618415833,r90_shotgun,c4,heartbeat,0,0
654,655,674.2584562301636,r90_shotgun,c4,heartbeat,0,0
655,656,675.2886965274811,r90_shotgun,c4,heartbeat,0,0
656,657,676.3136265277863,r90_shotgun,c4,heartbeat,0,4
657,658,677.3425607681274,r90_shotgun,c4,heartbeat,0,4
658,659,678.3664903640747,r90_shotgun,c4,heartbeat,0,4
659,660,679.3944239616394,r90_shotgun,c4,heartbeat,0,4
660,661,680.423357963562,r90_shotgun,c4,heartbeat,0,0
661,662,681.4532928466797,r90_shotgun,c4,heartbeat,0,0
662,663,682.5152575969696,r90_shotgun,c4,heartbeat,0,0
663,664,683.5411891937256,r90_shotgun,c4,heartbeat,0,0
664,665,684.5827858448029,r90_shotgun,c4,heartbeat,0,4
665,666,685.614723443985,r90_shotgun,c4,heartbeat,0,2
666,667,686.6474044322968,r90_shotgun,c4,heartbeat,0,3
667,668,687.6733362674713,r90_shotgun,c4,heartbeat,0,3
668,669,688.7012693881989,r90_shotgun,c4,heartbeat,0,3
669,670,689.7322053909302,r90_shotgun,c4,heartbeat,0,3
670,671,690.758136510849,r90_shotgun,c4,heartbeat,0,3
671,672,691.7900741100311,r90_shotgun,c4,heartbeat,0,3
672,673,692.8120012283325,r90_shotgun,c4,heartbeat,0,3
673,674,693.8379333019257,m4a1,c4,heartbeat,0,3
674,675,694.96746301651,m4a1,c4,heartbeat,0,3
675,676,695.9979031085968,m4a1,c4,heartbeat,0,3
676,677,697.02876329422,m4a1,c4,heartbeat,0,3
677,678,698.0586974620819,r90_shotgun,c4,heartbeat,0,3
678,679,699.0836281776428,r90_shotgun,c4,heartbeat,0,3
679,680,700.1115622520447,r90_shotgun,c4,heartbeat,0,3
680,681,701.1465013027191,r90_shotgun,c4,heartbeat,0,3
681,682,702.1844437122345,r90_shotgun,c4,heartbeat,0,3
682,683,703.216381072998,r90_shotgun,c4,heartbeat,0,3
683,684,704.2363073825836,r90_shotgun,c4,heartbeat,0,3
684,685,705.2752499580383,r90_shotgun,c4,heartbeat,0,3
685,686,706.3161964416504,r90_shotgun,c4,heartbeat,0,3
686,687,707.3341197967529,r90_shotgun,c4,heartbeat,0,3
687,688,708.3655619621277,r90_shotgun,c4,heartbeat,0,3
688,689,709.3848178386688,r90_shotgun,c4,heartbeat,0,3
689,690,710.4097487926483,r90_shotgun,c4,heartbeat,0,3
690,691,711.4446241855621,r90_shotgun,c4,heartbeat,0,3
691,692,712.4925754070282,pkm,none,none,0,3
692,693,713.5235114097595,pkm,none,none,0,3
693,694,714.550443649292,pkm,none,none,0,2
694,695,715.5723714828491,pkm,none,snapshot,0,2
695,696,716.5973026752472,pkm,none,none,0,1
696,697,717.6192300319672,pkm,none,none,0,0
697,698,718.6556754112244,r90_shotgun,c4,heartbeat,0,0
698,699,719.6821143627167,r90_shotgun,c4,heartbeat,0,0
699,700,720.7094533443451,r90_shotgun,c4,heartbeat,0,0
700,701,721.7318744659424,r90_shotgun,c4,heartbeat,0,0
701,702,722.7517256736755,r90_shotgun,c4,heartbeat,0,2
702,703,723.7806594371796,r90_shotgun,c4,heartbeat,0,0
703,704,724.8065915107727,r90_shotgun,c4,heartbeat,0,0
704,705,725.8325226306915,r90_shotgun,c4,heartbeat,0,0
705,706,726.8614566326141,r90_shotgun,c4,heartbeat,0,0
706,707,727.8863878250122,r90_shotgun,c4,heartbeat,0,0
707,708,728.9023096561432,r90_shotgun,c4,heartbeat,0,0
708,709,729.9282414913177,r90_shotgun,c4,heartbeat,0,0
709,710,730.9466705322266,r90_shotgun,c4,heartbeat,0,0
710,711,731.9971499443054,r90_shotgun,c4,heartbeat,0,0
711,712,733.0249812602997,r90_shotgun,c4,heartbeat,0,0
712,713,734.0476505756378,r90_shotgun,c4,heartbeat,0,0
713,714,735.0758101940155,r90_shotgun,c4,heartbeat,0,0
714,715,736.0977375507355,oden,c4,heartbeat,0,0
715,716,737.1256711483002,r90_shotgun,c4,heartbeat,0,4
716,717,738.1506023406982,r90_shotgun,c4,heartbeat,0,0
717,718,739.1765334606171,r90_shotgun,c4,heartbeat,0,0
718,719,740.2034659385681,r90_shotgun,c4,heartbeat,0,0
719,720,741.2273955345154,r90_shotgun,c4,heartbeat,0,0
720,721,742.2453196048737,r90_shotgun,c4,heartbeat,0,0
721,722,743.2737619876862,r90_shotgun,c4,heartbeat,0,0
722,723,744.3077008724213,r90_shotgun,c4,heartbeat,0,0
723,724,745.3356335163116,r90_shotgun,c4,heartbeat,0,0
724,725,746.3607838153839,r90_shotgun,c4,heartbeat,0,0
725,726,747.3817110061646,r90_shotgun,c4,heartbeat,0,0
726,727,748.4036386013031,r90_shotgun,c4,heartbeat,0,4
727,728,749.4365770816803,r90_shotgun,c4,heartbeat,0,0
728,729,750.4615070819855,zero_weapon,none,none,0,0
729,730,751.4854366779327,zero_weapon,none,none,0,0
730,731,752.5368993282318,zero_weapon,none,none,0,0
731,732,753.5598275661469,zero_weapon,none,none,0,0
732,733,754.5842611789703,zero_weapon,none,none,0,0
733,734,755.6051874160767,r90_shotgun,c4,heartbeat,0,0
734,735,756.6361236572266,r90_shotgun,c4,heartbeat,0,0
735,736,757.6632816791534,r90_shotgun,c4,heartbeat,0,0
736,737,758.6842086315155,r90_shotgun,c4,heartbeat,0,0
737,738,759.7111418247223,r90_shotgun,c4,heartbeat,0,0
738,739,760.7260630130768,sa87,c4,heartbeat,0,4
739,740,761.7479906082153,r90_shotgun,c4,heartbeat,0,0
740,741,762.7749235630035,r90_shotgun,c4,heartbeat,0,0
741,742,763.7978520393372,r90_shotgun,c4,heartbeat,0,0
742,743,764.8267867565155,zero_weapon,none,none,0,0
743,744,765.8527176380157,zero_weapon,none,none,0,0
744,745,766.8674900531769,zero_weapon,none,none,0,0
745,746,767.8904187679291,zero_weapon,none,none,0,0
746,747,768.9312489032745,zero_weapon,none,none,0,0
747,748,769.9560167789459,r90_shotgun,c4,heartbeat,0,0
748,749,770.9779441356659,r90_shotgun,c4,heartbeat,0,0
749,750,771.9958684444427,r90_shotgun,c4,heartbeat,0,0
750,751,773.017796754837,r90_shotgun,c4,heartbeat,0,0
751,752,774.0357210636139,r90_shotgun,c4,heartbeat,0,0
752,753,775.0626535415649,r90_shotgun,c4,heartbeat,0,0
753,754,776.0845808982849,r90_shotgun,c4,heartbeat,0,0
754,755,777.1085104942322,knife,c4,heartbeat,0,0
755,756,778.1334416866302,r90_shotgun,c4,heartbeat,0,4
756,757,779.160894870758,r90_shotgun,c4,heartbeat,0,0
757,758,780.1775290966034,r90_shotgun,c4,heartbeat,0,0
758,759,781.2955446243286,knife,c4,heartbeat,0,0
759,760,782.3204758167267,r90_shotgun,c4,heartbeat,0,4
760,761,783.3932552337646,r90_shotgun,c4,heartbeat,0,0
761,762,784.4251925945282,r90_shotgun,c4,heartbeat,0,2
762,763,785.4471199512482,r90_shotgun,c4,heartbeat,0,0
763,764,786.4730515480042,r90_shotgun,c4,heartbeat,0,0
764,765,787.4999840259552,r90_shotgun,c4,heartbeat,0,4
765,766,788.523913860321,r90_shotgun,c4,heartbeat,0,0
766,767,789.5513505935669,r90_shotgun,c4,heartbeat,0,0
767,768,790.5892925262451,r90_shotgun,c4,heartbeat,0,4
768,769,791.6122071743011,r90_shotgun,c4,heartbeat,0,4
769,770,792.6341352462769,r90_shotgun,c4,heartbeat,0,0
770,771,793.6612224578857,r90_shotgun,c4,heartbeat,0,0
771,772,794.6841552257538,r90_shotgun,c4,heartbeat,0,0
772,773,795.7230973243713,r90_shotgun,c4,heartbeat,0,0
773,774,796.7510316371918,r90_shotgun,c4,heartbeat,0,0
774,775,797.779965877533,r90_shotgun,c4,heartbeat,0,0
775,776,798.8028938770294,r90_shotgun,c4,heartbeat,0,0
776,777,799.8258230686188,r90_shotgun,c4,heartbeat,0,0
777,778,800.8427464962006,r90_shotgun,c4,heartbeat,0,0
778,779,801.8656752109528,r90_shotgun,c4,heartbeat,0,0
779,780,802.8943755626678,ax50,c4,heartbeat,0,0
780,781,803.9154481887817,ax50,c4,heartbeat,0,4
781,782,804.9417769908905,ax50,c4,heartbeat,0,0
782,783,805.9677104949951,ax50,c4,heartbeat,0,0
783,784,806.9886372089386,ax50,c4,heartbeat,0,0
784,785,808.014568567276,mg34,c4,heartbeat,0,0
785,786,809.0435030460358,ax50,c4,heartbeat,0,4
786,787,810.066431760788,knife,c4,heartbeat,0,4
787,788,811.0913622379303,knife,c4,heartbeat,0,0
788,789,812.1293051242828,knife,c4,heartbeat,0,0
789,790,813.1502318382263,ax50,c4,heartbeat,0,0
790,791,814.1896803379059,ax50,c4,heartbeat,0,0
791,792,815.2138965129852,r90_shotgun,c4,heartbeat,0,0
792,793,816.2396674156189,r90_shotgun,c4,heartbeat,0,2
793,794,817.2635545730591,r90_shotgun,c4,heartbeat,0,4
794,795,818.2924890518188,r90_shotgun,c4,heartbeat,0,0
795,796,819.3154180049896,r90_shotgun,c4,heartbeat,0,0
796,797,820.3353445529938,r90_shotgun,c4,heartbeat,0,0
797,798,821.4073173999786,sa87,c4,heartbeat,0,0
798,799,822.4332494735718,r90_shotgun,c4,heartbeat,0,0
799,800,823.4561779499054,r90_shotgun,c4,heartbeat,0,0
800,801,824.4831097126007,ax50,c4,heartbeat,0,0
801,802,825.5030362606049,ax50,c4,heartbeat,0,0
802,803,826.5324761867523,ax50,c4,heartbeat,0,0
803,804,827.5620369911194,ax50,c4,heartbeat,0,0
804,805,828.5829646587372,ax50,c4,heartbeat,0,0
805,806,829.6118984222412,r90_shotgun,c4,heartbeat,0,0
806,807,830.6378304958344,r90_shotgun,c4,heartbeat,0,0
807,808,831.663761138916,r90_shotgun,c4,heartbeat,0,0
808,809,832.6916949748993,r90_shotgun,c4,heartbeat,0,0
809,810,833.7126219272614,r90_shotgun,c4,heartbeat,0,0
810,811,834.7375526428223,r90_shotgun,c4,heartbeat,0,0
811,812,835.768488407135,r90_shotgun,c4,heartbeat,0,0
812,813,836.7894158363342,r90_shotgun,c4,heartbeat,0,0
813,814,837.8138484954834,r90_shotgun,c4,heartbeat,0,0
814,815,838.8387818336487,r90_shotgun,c4,heartbeat,0,0
815,816,839.8637127876282,r90_shotgun,c4,heartbeat,0,0
816,817,840.8858530521393,r90_shotgun,c4,heartbeat,0,0
817,818,841.9116659164429,r90_shotgun,c4,heartbeat,0,0
818,819,842.937597990036,r90_shotgun,c4,heartbeat,0,0
819,820,843.9675331115723,r90_shotgun,c4,heartbeat,0,0
820,821,844.990462064743,r90_shotgun,c4,heartbeat,0,0
821,822,846.0173943042755,r90_shotgun,c4,heartbeat,0,0
822,823,847.0463287830353,zero_weapon,c4,heartbeat,0,0
823,824,848.072389125824,zero_weapon,c4,heartbeat,0,0
824,825,849.0956883430481,zero_weapon,c4,heartbeat,0,0
825,826,850.1216201782227,zero_weapon,c4,heartbeat,0,0
826,827,851.1409132480621,zero_weapon,c4,heartbeat,0,0
827,828,852.1638417243958,zero_weapon,c4,heartbeat,0,0
828,829,853.1827664375305,zero_weapon,c4,heartbeat,0,0
829,830,854.2026932239532,zero_weapon,c4,heartbeat,0,0
830,831,855.2256214618683,zero_weapon,c4,heartbeat,0,0
831,832,856.2505521774292,zero_weapon,c4,heartbeat,0,0
832,833,857.2844913005829,r90_shotgun,c4,heartbeat,0,0
833,834,858.3104224205017,r90_shotgun,c4,heartbeat,0,0
834,835,859.3348565101624,r90_shotgun,c4,heartbeat,0,0
835,836,860.3602838516235,r90_shotgun,c4,heartbeat,0,0
836,837,861.3852140903473,r90_shotgun,c4,heartbeat,0,0
837,838,862.4077622890472,r90_shotgun,c4,heartbeat,0,0
838,839,863.4328572750092,r90_shotgun,c4,heartbeat,0,0
839,840,864.4627919197083,r90_shotgun,c4,heartbeat,0,2
840,841,865.4937281608582,r90_shotgun,c4,heartbeat,0,2
841,842,866.530669927597,r90_shotgun,c4,heartbeat,0,2
842,843,867.6436800956726,r90_shotgun,c4,heartbeat,0,2
843,844,868.666609287262,r90_shotgun,c4,heartbeat,0,2
844,845,869.7025496959686,r90_shotgun,c4,heartbeat,0,2
845,846,870.7284808158875,r90_shotgun,c4,heartbeat,0,2
846,847,871.7469112873077,r90_shotgun,c4,heartbeat,0,2
847,848,872.7866353988647,r90_shotgun,c4,heartbeat,0,3
848,849,873.8385901451111,r90_shotgun,c4,heartbeat,0,3
849,850,874.8645622730255,r90_shotgun,c4,heartbeat,0,3
850,851,875.8894975185394,r90_shotgun,c4,heartbeat,0,3
851,852,876.9134266376495,r90_shotgun,c4,heartbeat,0,3
852,853,877.9503681659698,r90_shotgun,c4,heartbeat,0,3
853,854,878.9752991199493,r90_shotgun,c4,heartbeat,0,3
854,855,879.9982273578644,r90_shotgun,c4,heartbeat,0,3
855,856,881.0211563110352,r90_shotgun,c4,heartbeat,0,3
856,857,882.0470879077911,r90_shotgun,c4,heartbeat,0,3
857,858,883.06662940979,ax50,c4,heartbeat,0,3
858,859,884.093531370163,ax50,c4,heartbeat,0,3
859,860,885.1204636096954,ax50,c4,heartbeat,0,3
860,861,886.1592462062836,ax50,c4,heartbeat,0,3
861,862,887.1881814002991,ax50,c4,heartbeat,0,3
862,863,888.2121102809906,ax50,c4,heartbeat,0,3
863,864,889.2430467605591,ax50,c4,heartbeat,0,3
864,865,890.2729821205139,ax50,c4,heartbeat,0,3
865,866,891.2969110012054,ax50,c4,heartbeat,0,3
866,867,892.3228435516357,ax50,c4,heartbeat,0,3
867,868,893.3447709083557,r90_shotgun,c4,heartbeat,0,3
868,869,894.3747065067291,r90_shotgun,c4,heartbeat,0,3
869,870,895.4011433124542,r90_shotgun,c4,heartbeat,0,3
870,871,896.4263286590576,knife,c4,heartbeat,0,3
871,872,897.4502584934235,knife,c4,heartbeat,0,3
872,873,898.4726226329803,r90_shotgun,c4,heartbeat,0,2
873,874,899.5095639228821,r90_shotgun,c4,heartbeat,0,3
874,875,900.538498878479,r90_shotgun,c4,heartbeat,0,2
875,876,901.5624277591705,r90_shotgun,c4,heartbeat,0,3
876,877,902.5983688831329,r90_shotgun,c4,heartbeat,0,3
877,878,903.6263020038605,r90_shotgun,c4,heartbeat,0,3
878,879,904.6467335224152,r90_shotgun,c4,heartbeat,0,2
879,880,905.6746668815613,r90_shotgun,c4,heartbeat,0,3
880,881,906.7009482383728,r90_shotgun,c4,heartbeat,0,3
881,882,907.7278804779053,r90_shotgun,c4,heartbeat,0,3
882,883,908.7508096694946,r90_shotgun,c4,heartbeat,0,3
883,884,909.7686800956726,r90_shotgun,c4,heartbeat,0,3
884,885,910.821635723114,r90_shotgun,c4,heartbeat,0,3
885,886,911.8475675582886,r90_shotgun,c4,heartbeat,0,3
886,887,912.8714971542358,r90_shotgun,c4,heartbeat,0,3
887,888,913.8974282741547,r90_shotgun,c4,heartbeat,0,3
888,889,914.9203577041626,r90_shotgun,c4,heartbeat,0,3
889,890,915.9502923488617,r90_shotgun,c4,heartbeat,0,3
890,891,916.9832391738892,r90_shotgun,c4,heartbeat,0,3
891,892,918.0071687698364,r90_shotgun,c4,heartbeat,0,3
892,893,919.0396239757538,r90_shotgun,c4,heartbeat,0,3
893,894,920.0605506896973,r90_shotgun,c4,heartbeat,0,3
894,895,921.0774743556976,r90_shotgun,c4,heartbeat,0,3
895,896,922.0984013080597,r90_shotgun,c4,heartbeat,0,3
896,897,923.1274168491364,r90_shotgun,c4,heartbeat,0,3
897,898,924.1563510894775,r90_shotgun,c4,heartbeat,0,3
898,899,925.1822824478149,r90_shotgun,c4,heartbeat,0,3
899,900,926.1992058753967,r90_shotgun,c4,heartbeat,0,3
900,901,927.22713971138,r90_shotgun,c4,heartbeat,0,3
901,902,928.254072189331,r90_shotgun,c4,heartbeat,0,3
902,903,929.2709949016571,r90_shotgun,c4,heartbeat,0,3
903,904,930.3049337863922,r90_shotgun,c4,heartbeat,0,3
904,905,931.3236694335938,r90_shotgun,c4,heartbeat,0,3
905,906,932.3445963859558,r90_shotgun,c4,heartbeat,0,3
906,907,933.3692934513092,r90_shotgun,c4,heartbeat,0,3
907,908,934.393040895462,r90_shotgun,c4,heartbeat,0,3
908,909,935.416937828064,r90_shotgun,c4,heartbeat,0,3
909,910,936.4368636608124,r90_shotgun,c4,heartbeat,0,3
910,911,937.456789970398,r90_shotgun,c4,heartbeat,0,3
911,912,938.4847226142883,r90_shotgun,c4,heartbeat,0,3
912,913,939.5076520442963,r90_shotgun,c4,heartbeat,0,3
913,914,940.5405893325806,r90_shotgun,c4,heartbeat,0,3
914,915,941.5670247077942,r90_shotgun,c4,heartbeat,0,3
915,916,942.5849492549896,r90_shotgun,c4,heartbeat,0,3
916,917,943.6153876781464,zero_weapon,none,none,0,3
917,918,944.6423192024231,zero_weapon,none,none,0,3
918,919,945.6712546348572,r90_shotgun,c4,heartbeat,0,3
919,920,946.7068965435028,r90_shotgun,c4,heartbeat,0,3
920,921,947.7256240844727,r90_shotgun,c4,heartbeat,0,3
921,922,948.7515552043915,r90_shotgun,c4,heartbeat,0,3
922,923,949.7734839916229,r90_shotgun,c4,heartbeat,0,3
923,924,950.7904069423676,r90_shotgun,c4,heartbeat,0,3
924,925,951.8153369426727,r90_shotgun,c4,heartbeat,0,3
925,926,952.8332619667053,r90_shotgun,c4,heartbeat,0,3
926,927,953.9442703723907,r90_shotgun,c4,heartbeat,0,3
927,928,955.0052335262299,r90_shotgun,c4,heartbeat,0,3
928,929,956.0256631374359,r90_shotgun,c4,heartbeat,0,3
929,930,957.0529251098633,r90_shotgun,c4,heartbeat,0,3
930,931,958.0735974311829,r90_shotgun,c4,heartbeat,0,3
931,932,959.1010880470276,r90_shotgun,c4,heartbeat,0,3
932,933,960.1280202865601,pkm,none,none,0,3
933,934,961.1429421901703,pkm,none,none,0,3
934,935,962.178882598877,pkm,none,none,0,7
935,936,963.2028121948242,pkm,none,none,0,6
936,937,964.2237393856049,pkm,none,none,0,6
937,938,965.2516725063324,pkm,none,none,0,5
938,939,966.5698697566986,r90_shotgun,c4,heartbeat,0,5
939,940,967.5933032035828,r90_shotgun,c4,heartbeat,0,7
940,941,968.621922492981,r90_shotgun,c4,heartbeat,0,7
941,942,969.6468081474304,r90_shotgun,c4,heartbeat,0,7
942,943,970.6659712791443,r90_shotgun,c4,snapshot,0,7
943,944,971.6909012794495,r90_shotgun,c4,heartbeat,0,7
944,945,972.7148308753967,r90_shotgun,c4,heartbeat,0,7
945,946,973.7387602329254,r90_shotgun,c4,heartbeat,0,7
946,947,974.7556838989258,r90_shotgun,c4,heartbeat,0,7
947,948,975.7926256656647,r90_shotgun,c4,heartbeat,0,7
948,949,976.8225607872009,r90_shotgun,c4,heartbeat,0,7
949,950,977.8464901447296,r90_shotgun,c4,heartbeat,0,7
950,951,978.8849360942841,r90_shotgun,c4,heartbeat,0,7
951,952,979.9138095378876,r90_shotgun,c4,heartbeat,0,7
952,953,980.9377388954163,r90_shotgun,c4,heartbeat,0,7
953,954,981.9642100334167,r90_shotgun,c4,heartbeat,0,7
954,955,982.9831352233887,r90_shotgun,c4,heartbeat,0,7
955,956,984.0200779438019,r90_shotgun,c4,heartbeat,0,7
956,957,985.048011302948,r90_shotgun,c4,heartbeat,0,7
957,958,986.0749428272247,r90_shotgun,c4,heartbeat,0,7
958,959,987.0988726615906,r90_shotgun,c4,heartbeat,0,7
959,960,988.1197991371155,r90_shotgun,c4,heartbeat,0,7
960,961,989.1507351398468,ax50,c4,heartbeat,0,7
961,962,990.1746649742126,ax50,c4,heartbeat,0,7
962,963,991.1990900039673,ax50,c4,heartbeat,0,7
963,964,992.2248198986053,ax50,c4,heartbeat,0,7
964,965,993.2517509460449,ax50,c4,heartbeat,0,7
965,966,994.2716331481934,ax50,c4,heartbeat,0,7
966,967,995.2985661029816,ax50,c4,heartbeat,0,7
967,968,996.3154892921448,ax50,c4,heartbeat,0,7
968,969,997.3404202461243,ax50,c4,heartbeat,0,7
969,970,998.3653500080109,ax50,c4,heartbeat,0,7
970,971,999.3932838439941,ax50,c4,heartbeat,0,7
971,972,1000.4282238483429,ax50,c4,heartbeat,0,7
972,973,1001.4541547298431,ax50,c4,heartbeat,0,7
973,974,1002.495100736618,ax50,c4,heartbeat,0,7
974,975,1003.5115256309509,ax50,c4,heartbeat,0,7
975,976,1004.5304510593414,ax50,c4,heartbeat,0,7
976,977,1005.5603861808777,ax50,c4,heartbeat,0,7
977,978,1006.5873184204102,r90_shotgun,c4,heartbeat,0,7
978,979,1007.6032409667969,r90_shotgun,c4,heartbeat,0,7
979,980,1008.6281714439392,r90_shotgun,c4,heartbeat,0,7
980,981,1009.6551043987274,r90_shotgun,c4,heartbeat,0,7
981,982,1010.6880424022675,r90_shotgun,c4,heartbeat,0,7
982,983,1011.7149746417999,r90_shotgun,c4,heartbeat,0,7
983,984,1012.7429075241089,r90_shotgun,c4,heartbeat,0,7
984,985,1013.7728433609009,r90_shotgun,c4,heartbeat,0,7
985,986,1014.8037791252136,r90_shotgun,c4,heartbeat,0,7
986,987,1015.8226428031921,r90_shotgun,c4,heartbeat,0,7
987,988,1016.8575823307037,r90_shotgun,c4,heartbeat,0,7
988,989,1017.8797535896301,r90_shotgun,c4,heartbeat,0,7
989,990,1018.9035894870758,r90_shotgun,c4,heartbeat,0,7
990,991,1019.930522441864,r90_shotgun,c4,heartbeat,0,7
991,992,1020.9564538002014,r90_shotgun,c4,heartbeat,0,7
992,993,1021.98939204216,r90_shotgun,c4,heartbeat,0,7
993,994,1023.0173246860504,r90_shotgun,c4,heartbeat,0,7
994,995,1024.038251399994,r90_shotgun,c4,heartbeat,0,7
995,996,1025.0691878795624,r90_shotgun,c4,heartbeat,0,7
996,997,1026.087111711502,r90_shotgun,c4,heartbeat,0,7
997,998,1027.1515834331512,r90_shotgun,c4,heartbeat,0,7
998,999,1028.174958705902,r90_shotgun,c4,heartbeat,0,7
999,1000,1029.21866106987,r90_shotgun,c4,heartbeat,0,7
1000,1001,1030.2415945529938,r90_shotgun,c4,heartbeat,0,7
1001,1002,1031.2605199813843,r90_shotgun,c4,heartbeat,0,7
1002,1003,1032.2804458141327,r90_shotgun,c4,heartbeat,0,7
1003,1004,1033.3013727664948,r90_shotgun,c4,heartbeat,0,7
1004,1005,1034.3192970752716,r90_shotgun,c4,heartbeat,0,7
1005,1006,1035.3352196216583,r90_shotgun,c4,heartbeat,0,7
1006,1007,1036.3611516952515,r90_shotgun,c4,heartbeat,0,7
1007,1008,1037.380582332611,zero_weapon,none,none,0,7
1008,1009,1038.4035108089447,zero_weapon,none,none,0,7
1009,1010,1039.427095413208,zero_weapon,none,none,0,7
1010,1011,1040.5401055812836,zero_weapon,none,none,0,7
1011,1012,1041.5588581562042,zero_weapon,none,none,0,7
1012,1013,1042.5802278518677,zero_weapon,none,none,0,7
1013,1014,1043.6041569709778,zero_weapon,none,none,0,7
1014,1015,1044.6260850429535,zero_weapon,none,none,0,7
1015,1016,1045.650015115738,zero_weapon,none,none,0,7
1016,1017,1046.6709415912628,zero_weapon,none,none,0,7
1017,1018,1047.6968729496002,r90_shotgun,c4,heartbeat,0,7
1018,1019,1048.7238051891327,r90_shotgun,c4,heartbeat,0,7
1019,1020,1049.7577443122864,r90_shotgun,c4,heartbeat,0,7
1020,1021,1050.7761716842651,r90_shotgun,c4,heartbeat,0,7
1021,1022,1051.8021037578583,r90_shotgun,c4,heartbeat,0,7
1022,1023,1052.8230299949646,r90_shotgun,c4,heartbeat,0,7
1023,1024,1053.8447940349579,r90_shotgun,c4,heartbeat,0,7
1024,1025,1054.8647196292877,ax50,c4,heartbeat,0,7
1025,1026,1055.8826434612274,ax50,c4,heartbeat,0,7
1026,1027,1056.9125785827637,ax50,c4,heartbeat,0,7
1027,1028,1057.9375095367432,ax50,c4,heartbeat,0,7
1028,1029,1058.9634408950806,ax50,c4,heartbeat,0,7
1029,1030,1059.9918813705444,ax50,c4,heartbeat,0,7
1030,1031,1061.0193195343018,ax50,c4,heartbeat,0,7
1031,1032,1062.064845085144,ax50,c4,heartbeat,0,7
1032,1033,1063.0950682163239,ax50,c4,heartbeat,0,7
1033,1034,1064.1179976463318,ax50,c4,heartbeat,0,7
1034,1035,1065.1499342918396,ax50,c4,heartbeat,0,7
1035,1036,1066.1788685321808,ax50,c4,heartbeat,0,7
1036,1037,1067.2027983665466,ax50,c4,heartbeat,0,7
1037,1038,1068.2337346076965,ax50,c4,heartbeat,0,7
1038,1039,1069.2556624412537,ax50,c4,heartbeat,0,7
1039,1040,1070.2775897979736,ax50,c4,heartbeat,0,7
1040,1041,1071.3055233955383,ax50,c4,heartbeat,0,7
1041,1042,1072.3259582519531,ax50,c4,heartbeat,0,7
1042,1043,1073.3564195632935,ax50,c4,heartbeat,0,7
1043,1044,1074.3843529224396,ax50,c4,heartbeat,0,7
1044,1045,1075.4062521457672,ax50,c4,heartbeat,0,7
1045,1046,1076.4321837425232,ax50,c4,heartbeat,0,7
1046,1047,1077.463119983673,ax50,c4,heartbeat,0,7
1047,1048,1078.4850471019745,ax50,c4,heartbeat,0,7
1048,1049,1079.5089769363403,ax50,c4,heartbeat,0,7
1049,1050,1080.532906293869,ax50,c4,heartbeat,0,7
1050,1051,1081.563843011856,kar98k,c4,heartbeat,0,7
1051,1052,1082.6160566806793,ax50,c4,heartbeat,0,7
1052,1053,1083.6459918022156,ax50,c4,heartbeat,0,7
1053,1054,1084.6764330863953,ax50,c4,heartbeat,0,7
1054,1055,1085.6955478191376,ax50,c4,heartbeat,0,7
1055,1056,1086.720855474472,kar98k,c4,heartbeat,0,7
1056,1057,1087.7437841892242,ax50,c4,heartbeat,0,7
1057,1058,1088.7747201919556,ax50,c4,heartbeat,0,7
1058,1059,1089.8026540279388,ax50,c4,heartbeat,0,7
1059,1060,1090.8305876255035,ax50,c4,heartbeat,0,7
1060,1061,1091.8505127429962,ax50,c4,heartbeat,0,7
1061,1062,1092.8804478645325,ax50,c4,heartbeat,0,7
1062,1063,1093.9053783416748,ax50,c4,heartbeat,0,7
1063,1064,1094.9322357177734,ax50,c4,heartbeat,0,7
1064,1065,1095.9568028450012,ax50,c4,heartbeat,0,7
1065,1066,1096.9835274219513,ax50,c4,heartbeat,0,7
1066,1067,1098.0132620334625,zero_weapon,none,none,0,7
1067,1068,1099.0391061306,zero_weapon,none,none,0,7
1068,1069,1100.0730443000793,zero_weapon,none,none,0,7
1069,1070,1101.108985900879,ax50,c4,heartbeat,0,7
1070,1071,1102.1399216651917,ax50,c4,heartbeat,0,7
1071,1072,1103.1618490219116,ax50,c4,heartbeat,0,7
1072,1073,1104.189782857895,ax50,c4,heartbeat,0,7
1073,1074,1105.2097082138062,ax50,c4,heartbeat,0,7
1074,1075,1106.232637166977,r90_shotgun,c4,heartbeat,0,7
1075,1076,1107.2780916690826,r90_shotgun,c4,heartbeat,0,7
1076,1077,1108.2990183830261,r90_shotgun,c4,heartbeat,0,7
1077,1078,1109.3229484558105,r90_shotgun,c4,heartbeat,0,7
1078,1079,1110.343875169754,r90_shotgun,c4,heartbeat,0,7
1079,1080,1111.3672873973846,r90_shotgun,none,none,0,7
1080,1081,1112.391216993332,pkm,none,none,0,7
1081,1082,1113.4111428260803,pkm,none,none,0,7
1082,1083,1114.4360737800598,pkm,none,none,0,6
1083,1084,1115.4640080928802,pkm,none,none,0,5
1084,1085,1116.4929416179657,r90_shotgun,none,none,0,5
1085,1086,1117.5188727378845,r90_shotgun,c4,heartbeat,0,5
1086,1087,1118.540800333023,r90_shotgun,c4,heartbeat,0,5
1087,1088,1119.5590360164642,r90_shotgun,c4,heartbeat,0,5
1088,1089,1120.58296585083,r90_shotgun,c4,heartbeat,0,5
1089,1090,1121.5993649959564,r90_shotgun,c4,heartbeat,0,5
1090,1091,1122.6293001174927,r90_shotgun,c4,heartbeat,0,5
1091,1092,1123.647224187851,r90_shotgun,c4,heartbeat,0,5
1092,1093,1124.6661496162415,r90_shotgun,c4,heartbeat,0,5
1093,1094,1125.7841641902924,r90_shotgun,c4,heartbeat,0,5
1094,1095,1126.8050918579102,r90_shotgun,c4,heartbeat,0,5
1095,1096,1127.8280205726624,r90_shotgun,c4,heartbeat,0,5
1096,1097,1128.847946882248,r90_shotgun,c4,heartbeat,0,5
1097,1098,1129.8742203712463,r90_shotgun,c4,heartbeat,0,5
1098,1099,1130.9018867015839,r90_shotgun,c4,heartbeat,0,5
1099,1100,1131.9201443195343,r90_shotgun,c4,heartbeat,0,5
1100,1101,1132.9460761547089,r90_shotgun,c4,heartbeat,0,5
1101,1102,1133.9743313789368,zero_weapon,none,none,0,5
1102,1103,1134.9982614517212,zero_weapon,none,none,0,5
1103,1104,1136.0231919288635,zero_weapon,none,none,0,5
1104,1105,1137.0431180000305,r90_shotgun,c4,heartbeat,0,5
1105,1106,1138.0640454292297,r90_shotgun,c4,heartbeat,0,5
1106,1107,1139.0859725475311,zero_weapon,none,none,0,5
1107,1108,1140.1199116706848,zero_weapon,none,none,0,5
1108,1109,1141.1428408622742,r90_shotgun,c4,heartbeat,0,5
1109,1110,1142.1641612052917,r90_shotgun,c4,heartbeat,0,5
1110,1111,1143.1836140155792,r90_shotgun,c4,heartbeat,0,5
1111,1112,1144.208402633667,r90_shotgun,c4,heartbeat,0,5
1112,1113,1145.2263069152832,r90_shotgun,c4,heartbeat,0,5
1113,1114,1146.2522375583649,r90_shotgun,c4,heartbeat,0,5
1114,1115,1147.2761676311493,r90_shotgun,c4,heartbeat,0,5
1115,1116,1148.2950928211212,r90_shotgun,c4,heartbeat,0,5
1116,1117,1149.3240270614624,r90_shotgun,c4,heartbeat,0,5
1117,1118,1150.357965707779,r90_shotgun,c4,heartbeat,0,5
1118,1119,1151.3858993053436,r90_shotgun,c4,heartbeat,0,5
1119,1120,1152.4078271389008,r90_shotgun,c4,heartbeat,0,5
1120,1121,1153.4197461605072,r90_shotgun,c4,heartbeat,0,5
1121,1122,1154.4545314311981,r90_shotgun,c4,heartbeat,0,5
1122,1123,1155.4794619083405,r90_shotgun,c4,heartbeat,0,5
1123,1124,1156.4953894615173,r90_shotgun,c4,heartbeat,0,5
1124,1125,1157.5233225822449,r90_shotgun,c4,heartbeat,0,5
1125,1126,1158.546251296997,r90_shotgun,c4,heartbeat,0,5
1126,1127,1159.5681788921356,r90_shotgun,c4,heartbeat,0,5
1127,1128,1160.5921087265015,r90_shotgun,c4,heartbeat,0,5
1128,1129,1161.6090319156647,r90_shotgun,c4,heartbeat,0,5
1129,1130,1162.637966632843,r90_shotgun,c4,heartbeat,0,5
1130,1131,1163.6659002304077,ax50,c4,heartbeat,0,5
1131,1132,1164.6898291110992,ax50,c4,heartbeat,0,5
1132,1133,1165.7132637500763,ax50,c4,heartbeat,0,5
1133,1134,1166.7301869392395,ax50,c4,heartbeat,0,5
1134,1135,1167.7541165351868,ax50,c4,heartbeat,0,5
1135,1136,1168.7792873382568,ax50,c4,heartbeat,0,5
1136,1137,1169.804599761963,ax50,c4,heartbeat,0,5
1137,1138,1170.8325324058533,ax50,c4,heartbeat,0,5
1138,1139,1171.8634684085846,ax50,c4,heartbeat,0,5
1139,1140,1172.8813927173615,ax50,c4,heartbeat,0,5
1140,1141,1173.9083251953125,ax50,c4,heartbeat,0,5
1141,1142,1174.9312543869019,ax50,c4,heartbeat,0,5
1142,1143,1175.96919631958,ax50,c4,heartbeat,0,5
1143,1144,1176.9921255111694,r90_shotgun,none,none,0,5
1144,1145,1178.0113244056702,zero_weapon,none,none,0,4
1145,1146,1179.034739971161,zero_weapon,none,none,0,0
1146,1147,1180.058486700058,mk9_bruen,thermite,heartbeat,0,0
1147,1148,1181.0844175815582,fal,thermite,heartbeat,0,0
1148,1149,1182.1103489398956,zero_weapon,none,none,0,0
1149,1150,1183.138282775879,zero_weapon,none,none,0,0
1150,1151,1184.1712203025818,zero_weapon,none,none,0,0
1151,1152,1185.1911466121674,zero_weapon,none,none,0,0
1152,1153,1186.2120730876923,zero_weapon,none,none,0,0
1153,1154,1187.235002040863,zero_weapon,none,none,0,0
1154,1155,1188.2629351615906,zero_weapon,none,none,0,0
1155,1156,1189.300877571106,zero_weapon,none,none,0,0
1156,1157,1190.3294439315796,zero_weapon,none,none,0,0
